﻿Designator,Footprint,Quantity,Value,LCSC Part #
C1,0805,1,0.1u,
C10,0805,1,10u,
"C2, C3, C4, C9",0805,4,100n,
"C5, C6",0805,2,4.7u,
C7,0805,1,1u,
C8,0805,1,10n,
"D1, D10, D11, D12, D13, D14, D15, D16, D17, D18, D19, D2, D20, D21, D22, D23, D24, D25, D26, D27, D28, D29, D3, D30, D31, D32, D33, D34, D35, D36, D37, D38, D39, D4, D40, D41, D42, D43, D44, D45, D46, D47, D48, D49, D5, D50, D51, D52, D53, D54, D55, D56, D57, D58, D59, D6, D60, D61, D62, D63, D64, D65, D66, D67, D68, D69, D7, D70, D71, D72, D73, D74, D75, D76, D77, D78, D79, D8, D80, D81, D82, D83, D9",D_SOD-123,83,D_Small,
J1,USB_C_Receptacle_JAE_DX07S016JA1R1500,1,USB_C_Receptacle_USB2.0_14P,
R1,0805,1,10k,
R2,0805,1,120,
"R3, R4",0805,2,5.1k,
"SW1, SW10, SW11, SW12, SW13, SW14, SW15, SW16, SW17, SW18, SW19, SW2, SW20, SW21, SW22, SW23, SW24, SW25, SW26, SW27, SW28, SW29, SW3, SW30, SW31, SW32, SW33, SW34, SW35, SW36, SW37, SW38, SW39, SW4, SW40, SW41, SW42, SW43, SW44, SW45, SW46, SW47, SW48, SW49, SW5, SW50, SW51, SW52, SW53, SW54, SW55, SW56, SW57, SW58, SW59, SW6, SW60, SW61, SW62, SW63, SW64, SW65, SW66, SW67, SW68, SW69, SW7, SW70, SW71, SW72, SW73, SW74, SW75, SW76, SW77, SW78, SW79, SW8, SW80, SW81, SW82, SW83, SW9",SW_Cherry_MX_PCB,83,SW_Push,
"SW84, SW85",SW_Push_1P1T_NO_CK_KSC6xxJ,2,SW_Push,
U1,SOT-223-3_TabPin2,1,LD1117S33TR_SOT223,
U2,LQFP-48_7x7mm_P0.5mm,1,STM32F042C4Tx,
